{"cameraMode":{"drawMode":0,"name":"Shaded","section":"Shading Mode"},"sceneLighting":true,"audioPlay":false,"sceneViewState":{"showFog":true,"showMaterialUpdate":false,"showSkybox":true,"showFlares":true,"showImageEffects":true,"showParticleSystems":true},"in2DMode":false,"pivot":{"x":42.537357330322269,"y":-5.610170364379883,"z":-40.046749114990237},"rotation":{"x":-0.10499877482652664,"y":-0.6829919815063477,"z":0.10001687705516815,"w":-0.7160418033599854},"size":40.12929916381836,"orthographic":false}