{"cameraMode":{"drawMode":0,"name":"Shaded","section":"Shading Mode"},"sceneLighting":true,"audioPlay":false,"sceneViewState":{"showFog":true,"showMaterialUpdate":false,"showSkybox":true,"showFlares":true,"showImageEffects":true,"showParticleSystems":true},"in2DMode":false,"pivot":{"x":31.392255783081056,"y":3.1566898822784426,"z":-34.782772064208987},"rotation":{"x":-0.2510127127170563,"y":0.6944196820259094,"z":-0.28381603956222536,"w":-0.6120882034301758},"size":17.633514404296876,"orthographic":false}