{"cameraMode":{"drawMode":0,"name":"Shaded","section":"Shading Mode"},"sceneLighting":true,"audioPlay":false,"sceneViewState":{"showFog":true,"showMaterialUpdate":false,"showSkybox":true,"showFlares":true,"showImageEffects":true,"showParticleSystems":true},"in2DMode":false,"pivot":{"x":11.47059440612793,"y":-0.39790189266204836,"z":31.47870445251465},"rotation":{"x":-0.2659158706665039,"y":0.6367813348770142,"z":-0.24793656170368195,"w":-0.68027663230896},"size":25.855731964111329,"orthographic":false}